starttime	seconds	ctime	dtime	ttime	wait
Mon May 07 17:44:25 2018	1525707865	1	375	377	219
Mon May 07 17:44:56 2018	1525707896	31	451	482	37
Mon May 07 17:44:54 2018	1525707894	40	453	492	30
Mon May 07 17:45:39 2018	1525707939	38	503	541	42
Mon May 07 17:45:31 2018	1525707931	30	526	556	36
Mon May 07 17:45:14 2018	1525707914	30	554	584	33
Mon May 07 17:44:31 2018	1525707871	31	557	588	44
Mon May 07 17:44:38 2018	1525707878	35	578	613	37
Mon May 07 17:44:25 2018	1525707865	2	613	615	244
Mon May 07 17:45:02 2018	1525707902	31	584	615	37
Mon May 07 17:44:48 2018	1525707888	34	582	616	36
Mon May 07 17:44:53 2018	1525707893	37	584	621	35
Mon May 07 17:44:44 2018	1525707884	28	593	621	34
Mon May 07 17:45:24 2018	1525707924	34	589	623	38
Mon May 07 17:45:00 2018	1525707900	36	597	633	36
Mon May 07 17:44:48 2018	1525707888	35	623	658	35
Mon May 07 17:45:06 2018	1525707906	34	626	660	35
Mon May 07 17:44:31 2018	1525707871	35	626	661	45
Mon May 07 17:44:43 2018	1525707883	36	631	667	36
Mon May 07 17:44:34 2018	1525707874	37	633	670	32
Mon May 07 17:45:20 2018	1525707920	34	637	671	37
Mon May 07 17:44:25 2018	1525707865	1	699	700	262
Mon May 07 17:44:35 2018	1525707875	34	669	703	35
Mon May 07 17:44:37 2018	1525707877	34	669	703	37
Mon May 07 17:45:06 2018	1525707906	32	676	707	34
Mon May 07 17:44:36 2018	1525707876	36	672	708	148
Mon May 07 17:45:41 2018	1525707941	34	681	715	38
Mon May 07 17:44:34 2018	1525707874	27	688	716	135
Mon May 07 17:45:09 2018	1525707909	34	688	722	39
Mon May 07 17:45:10 2018	1525707910	36	688	724	28
Mon May 07 17:44:30 2018	1525707870	32	693	725	50
Mon May 07 17:44:55 2018	1525707895	33	698	730	38
Mon May 07 17:44:25 2018	1525707865	27	707	734	40
Mon May 07 17:45:30 2018	1525707930	34	701	734	32
Mon May 07 17:44:42 2018	1525707882	36	708	744	35
Mon May 07 17:44:56 2018	1525707896	34	715	749	43
Mon May 07 17:45:41 2018	1525707941	29	725	754	37
Mon May 07 17:45:15 2018	1525707915	32	724	755	40
Mon May 07 17:45:07 2018	1525707907	30	733	764	32
Mon May 07 17:44:42 2018	1525707882	36	730	766	36
Mon May 07 17:44:38 2018	1525707878	34	735	769	145
Mon May 07 17:45:05 2018	1525707905	33	740	773	39
Mon May 07 17:45:14 2018	1525707914	35	738	774	37
Mon May 07 17:44:56 2018	1525707896	37	738	775	35
Mon May 07 17:44:43 2018	1525707883	29	749	777	36
Mon May 07 17:45:21 2018	1525707921	34	747	781	38
Mon May 07 17:45:00 2018	1525707900	34	754	789	34
Mon May 07 17:45:34 2018	1525707934	30	762	792	33
Mon May 07 17:44:25 2018	1525707865	2	793	794	274
Mon May 07 17:45:38 2018	1525707938	33	771	804	33
Mon May 07 17:45:04 2018	1525707904	34	774	809	143
Mon May 07 17:44:51 2018	1525707891	30	782	811	132
Mon May 07 17:45:12 2018	1525707912	33	779	812	42
Mon May 07 17:44:42 2018	1525707882	31	790	821	37
Mon May 07 17:44:57 2018	1525707897	31	791	823	38
Mon May 07 17:45:20 2018	1525707920	32	792	824	39
Mon May 07 17:44:38 2018	1525707878	29	796	825	134
Mon May 07 17:45:12 2018	1525707912	33	793	826	31
Mon May 07 17:45:17 2018	1525707917	32	797	829	36
Mon May 07 17:45:10 2018	1525707910	35	798	833	38
Mon May 07 17:45:05 2018	1525707905	34	809	843	34
Mon May 07 17:44:50 2018	1525707890	35	809	844	40
Mon May 07 17:45:17 2018	1525707917	34	812	847	32
Mon May 07 17:44:30 2018	1525707870	35	817	853	36
Mon May 07 17:45:21 2018	1525707921	34	838	872	36
Mon May 07 17:44:28 2018	1525707868	34	843	878	478
Mon May 07 17:44:27 2018	1525707867	27	859	886	327
Mon May 07 17:45:23 2018	1525707923	27	860	887	33
Mon May 07 17:44:37 2018	1525707877	38	855	893	36
Mon May 07 17:44:50 2018	1525707890	34	862	896	35
Mon May 07 17:44:38 2018	1525707878	34	867	901	135
Mon May 07 17:45:15 2018	1525707915	29	876	905	37
Mon May 07 17:45:11 2018	1525707911	35	872	907	38
Mon May 07 17:45:30 2018	1525707930	32	892	924	45
Mon May 07 17:44:25 2018	1525707865	1	929	931	258
Mon May 07 17:45:16 2018	1525707916	34	907	941	36
Mon May 07 17:45:24 2018	1525707924	36	906	942	35
Mon May 07 17:44:28 2018	1525707868	31	911	942	291
Mon May 07 17:45:17 2018	1525707917	35	911	946	34
Mon May 07 17:44:49 2018	1525707889	33	921	954	37
Mon May 07 17:45:03 2018	1525707903	34	921	954	34
Mon May 07 17:44:26 2018	1525707866	31	933	964	626
Mon May 07 17:44:55 2018	1525707895	33	932	965	38
Mon May 07 17:45:34 2018	1525707934	30	936	965	139
Mon May 07 17:44:33 2018	1525707873	35	936	971	34
Mon May 07 17:44:31 2018	1525707871	34	946	980	43
Mon May 07 17:45:19 2018	1525707919	33	949	982	38
Mon May 07 17:44:48 2018	1525707888	32	957	989	37
Mon May 07 17:45:29 2018	1525707929	32	962	994	35
Mon May 07 17:44:53 2018	1525707893	32	963	994	37
Mon May 07 17:44:27 2018	1525707867	28	967	995	469
Mon May 07 17:44:27 2018	1525707867	30	967	997	525
Mon May 07 17:44:35 2018	1525707875	29	974	1003	36
Mon May 07 17:44:50 2018	1525707890	33	971	1003	140
Mon May 07 17:44:40 2018	1525707880	34	977	1011	38
Mon May 07 17:44:54 2018	1525707894	30	986	1016	32
Mon May 07 17:44:26 2018	1525707866	33	985	1018	307
Mon May 07 17:44:32 2018	1525707872	35	984	1019	37
Mon May 07 17:45:02 2018	1525707902	36	986	1022	32
Mon May 07 17:44:26 2018	1525707866	33	991	1023	504
Mon May 07 17:44:34 2018	1525707874	35	988	1023	137
Mon May 07 17:44:27 2018	1525707867	33	992	1025	651
Mon May 07 17:45:33 2018	1525707933	38	993	1031	33
Mon May 07 17:44:55 2018	1525707895	35	996	1031	38
Mon May 07 17:44:25 2018	1525707865	1	1038	1039	271
Mon May 07 17:45:33 2018	1525707933	32	1009	1041	37
Mon May 07 17:44:40 2018	1525707880	35	1007	1042	38
Mon May 07 17:45:33 2018	1525707933	32	1019	1051	37
Mon May 07 17:44:42 2018	1525707882	30	1022	1052	38
Mon May 07 17:44:31 2018	1525707871	33	1023	1056	37
Mon May 07 17:45:09 2018	1525707909	31	1037	1068	36
Mon May 07 17:45:27 2018	1525707927	32	1038	1070	36
Mon May 07 17:44:50 2018	1525707890	34	1035	1070	143
Mon May 07 17:45:19 2018	1525707919	34	1038	1071	34
Mon May 07 17:45:13 2018	1525707913	36	1036	1072	39
Mon May 07 17:44:43 2018	1525707883	33	1053	1086	30
Mon May 07 17:44:47 2018	1525707887	33	1058	1091	37
Mon May 07 17:44:54 2018	1525707894	35	1059	1094	38
Mon May 07 17:45:18 2018	1525707918	37	1061	1098	143
Mon May 07 17:44:27 2018	1525707867	29	1069	1099	718
Mon May 07 17:45:41 2018	1525707941	31	1069	1099	37
Mon May 07 17:45:08 2018	1525707908	33	1067	1100	144
Mon May 07 17:45:34 2018	1525707934	32	1070	1102	37
Mon May 07 17:44:38 2018	1525707878	31	1074	1105	133
Mon May 07 17:45:07 2018	1525707907	29	1076	1106	128
Mon May 07 17:44:34 2018	1525707874	35	1079	1114	36
Mon May 07 17:44:25 2018	1525707865	1	1116	1117	825
Mon May 07 17:44:25 2018	1525707865	2	1118	1119	734
Mon May 07 17:44:47 2018	1525707887	36	1084	1120	34
Mon May 07 17:45:36 2018	1525707936	35	1094	1129	39
Mon May 07 17:44:58 2018	1525707898	36	1093	1129	35
Mon May 07 17:44:41 2018	1525707881	34	1098	1132	138
Mon May 07 17:44:58 2018	1525707898	34	1106	1139	38
Mon May 07 17:45:04 2018	1525707904	36	1105	1141	69
Mon May 07 17:45:01 2018	1525707901	33	1108	1141	139
Mon May 07 17:44:41 2018	1525707881	34	1120	1154	144
Mon May 07 17:45:02 2018	1525707902	33	1122	1156	42
Mon May 07 17:45:39 2018	1525707939	34	1126	1161	143
Mon May 07 17:45:10 2018	1525707910	31	1131	1162	76
Mon May 07 17:45:32 2018	1525707932	32	1133	1164	333
Mon May 07 17:45:10 2018	1525707910	33	1147	1180	38
Mon May 07 17:45:01 2018	1525707901	33	1148	1181	38
Mon May 07 17:45:23 2018	1525707923	28	1153	1181	35
Mon May 07 17:44:27 2018	1525707867	24	1161	1185	371
Mon May 07 17:45:36 2018	1525707936	35	1157	1192	145
Mon May 07 17:44:51 2018	1525707891	34	1159	1193	34
Mon May 07 17:45:31 2018	1525707931	35	1158	1193	145
Mon May 07 17:44:38 2018	1525707878	31	1165	1195	36
Mon May 07 17:45:10 2018	1525707910	35	1169	1205	35
Mon May 07 17:44:36 2018	1525707876	37	1172	1209	37
Mon May 07 17:44:43 2018	1525707883	35	1175	1210	377
Mon May 07 17:44:34 2018	1525707874	33	1181	1214	143
Mon May 07 17:45:01 2018	1525707901	32	1188	1220	36
Mon May 07 17:44:46 2018	1525707886	34	1187	1221	38
Mon May 07 17:45:18 2018	1525707918	34	1188	1223	138
Mon May 07 17:44:26 2018	1525707866	34	1189	1223	830
Mon May 07 17:44:25 2018	1525707865	2	1233	1235	711
Mon May 07 17:45:26 2018	1525707926	34	1201	1235	38
Mon May 07 17:44:30 2018	1525707870	35	1209	1245	37
Mon May 07 17:44:29 2018	1525707869	28	1220	1248	347
Mon May 07 17:44:38 2018	1525707878	29	1221	1250	45
Mon May 07 17:44:32 2018	1525707872	25	1236	1261	44
Mon May 07 17:44:36 2018	1525707876	32	1244	1276	37
Mon May 07 17:45:03 2018	1525707903	33	1244	1278	38
Mon May 07 17:45:14 2018	1525707914	36	1244	1279	36
Mon May 07 17:45:27 2018	1525707927	34	1246	1281	38
Mon May 07 17:44:47 2018	1525707887	34	1257	1291	37
Mon May 07 17:44:55 2018	1525707895	32	1260	1292	38
Mon May 07 17:45:37 2018	1525707937	29	1272	1301	35
Mon May 07 17:45:33 2018	1525707933	33	1270	1302	339
Mon May 07 17:45:17 2018	1525707917	30	1281	1312	134
Mon May 07 17:45:15 2018	1525707915	28	1284	1312	135
Mon May 07 17:44:45 2018	1525707885	34	1280	1315	143
Mon May 07 17:45:22 2018	1525707922	31	1285	1315	37
Mon May 07 17:45:13 2018	1525707913	38	1288	1326	155
Mon May 07 17:45:33 2018	1525707933	33	1298	1331	41
Mon May 07 17:44:43 2018	1525707883	32	1300	1332	37
Mon May 07 17:45:35 2018	1525707935	30	1302	1332	131
Mon May 07 17:45:36 2018	1525707936	35	1299	1334	147
Mon May 07 17:45:40 2018	1525707940	31	1309	1340	35
Mon May 07 17:44:41 2018	1525707881	32	1315	1347	41
Mon May 07 17:44:55 2018	1525707895	31	1328	1359	37
Mon May 07 17:45:02 2018	1525707902	33	1334	1367	41
Mon May 07 17:45:09 2018	1525707909	31	1344	1376	366
Mon May 07 17:45:17 2018	1525707917	34	1343	1377	376
Mon May 07 17:45:28 2018	1525707928	35	1351	1386	32
Mon May 07 17:44:41 2018	1525707881	34	1356	1390	46
Mon May 07 17:44:37 2018	1525707877	37	1355	1392	152
Mon May 07 17:44:53 2018	1525707893	33	1364	1397	144
Mon May 07 17:44:27 2018	1525707867	28	1373	1401	633
Mon May 07 17:44:41 2018	1525707881	29	1375	1404	134
Mon May 07 17:45:40 2018	1525707940	32	1374	1405	36
Mon May 07 17:45:07 2018	1525707907	35	1370	1405	386
Mon May 07 17:45:07 2018	1525707907	34	1375	1410	38
Mon May 07 17:44:32 2018	1525707872	31	1381	1412	361
Mon May 07 17:44:29 2018	1525707869	33	1382	1416	39
Mon May 07 17:45:40 2018	1525707940	34	1384	1417	34
Mon May 07 17:45:37 2018	1525707937	38	1380	1418	35
Mon May 07 17:45:37 2018	1525707937	33	1387	1420	376
Mon May 07 17:45:03 2018	1525707903	37	1385	1422	37
Mon May 07 17:44:51 2018	1525707891	35	1390	1425	138
Mon May 07 17:45:04 2018	1525707904	33	1393	1426	140
Mon May 07 17:44:55 2018	1525707895	30	1403	1433	134
Mon May 07 17:44:57 2018	1525707897	33	1405	1438	41
Mon May 07 17:44:50 2018	1525707890	34	1405	1439	38
Mon May 07 17:45:08 2018	1525707908	35	1405	1440	143
Mon May 07 17:44:25 2018	1525707865	1	1440	1442	1140
Mon May 07 17:45:40 2018	1525707940	34	1410	1444	32
Mon May 07 17:45:20 2018	1525707920	33	1421	1454	339
Mon May 07 17:45:23 2018	1525707923	30	1431	1461	44
Mon May 07 17:45:03 2018	1525707903	36	1425	1461	37
Mon May 07 17:45:03 2018	1525707903	32	1429	1461	38
Mon May 07 17:44:54 2018	1525707894	31	1431	1462	39
Mon May 07 17:44:28 2018	1525707868	31	1431	1462	547
Mon May 07 17:45:36 2018	1525707936	31	1432	1463	132
Mon May 07 17:44:53 2018	1525707893	35	1429	1464	141
Mon May 07 17:44:26 2018	1525707866	34	1430	1464	836
Mon May 07 17:45:25 2018	1525707925	34	1432	1466	33
Mon May 07 17:45:40 2018	1525707940	34	1436	1470	140
Mon May 07 17:44:43 2018	1525707883	31	1446	1477	34
Mon May 07 17:44:54 2018	1525707894	34	1446	1480	29
Mon May 07 17:45:01 2018	1525707901	34	1458	1492	37
Mon May 07 17:44:50 2018	1525707890	30	1464	1494	363
Mon May 07 17:44:46 2018	1525707886	32	1464	1496	30
Mon May 07 17:45:31 2018	1525707931	32	1465	1496	43
Mon May 07 17:45:24 2018	1525707924	34	1473	1507	40
Mon May 07 17:45:41 2018	1525707941	34	1473	1507	37
Mon May 07 17:44:44 2018	1525707884	32	1477	1509	133
Mon May 07 17:44:35 2018	1525707875	34	1483	1517	37
Mon May 07 17:44:33 2018	1525707873	35	1483	1518	40
Mon May 07 17:44:47 2018	1525707887	33	1486	1519	36
Mon May 07 17:45:39 2018	1525707939	34	1500	1534	35
Mon May 07 17:45:06 2018	1525707906	29	1506	1535	73
Mon May 07 17:44:33 2018	1525707873	31	1511	1541	37
Mon May 07 17:44:46 2018	1525707886	36	1511	1546	34
Mon May 07 17:44:39 2018	1525707879	31	1519	1550	35
Mon May 07 17:44:49 2018	1525707889	33	1523	1556	374
Mon May 07 17:44:26 2018	1525707866	29	1529	1558	361
Mon May 07 17:44:58 2018	1525707898	32	1533	1566	38
Mon May 07 17:44:40 2018	1525707880	33	1550	1583	36
Mon May 07 17:44:56 2018	1525707896	33	1551	1585	143
Mon May 07 17:44:36 2018	1525707876	33	1554	1587	37
Mon May 07 17:45:19 2018	1525707919	33	1557	1591	144
Mon May 07 17:45:31 2018	1525707931	33	1558	1591	36
Mon May 07 17:45:11 2018	1525707911	31	1565	1596	39
Mon May 07 17:44:28 2018	1525707868	35	1564	1599	434
Mon May 07 17:45:24 2018	1525707924	32	1572	1604	38
Mon May 07 17:45:32 2018	1525707932	36	1570	1606	148
Mon May 07 17:44:36 2018	1525707876	35	1572	1607	36
Mon May 07 17:45:41 2018	1525707941	32	1574	1607	38
Mon May 07 17:45:15 2018	1525707915	37	1574	1610	38
Mon May 07 17:45:12 2018	1525707912	36	1581	1616	141
Mon May 07 17:44:30 2018	1525707870	31	1586	1617	36
Mon May 07 17:44:28 2018	1525707868	31	1591	1621	611
Mon May 07 17:45:36 2018	1525707936	32	1603	1634	37
Mon May 07 17:45:18 2018	1525707918	32	1605	1637	37
Mon May 07 17:44:25 2018	1525707865	1	1640	1641	649
Mon May 07 17:44:37 2018	1525707877	32	1613	1645	36
Mon May 07 17:44:51 2018	1525707891	32	1613	1645	38
Mon May 07 17:44:31 2018	1525707871	35	1611	1646	380
Mon May 07 17:45:22 2018	1525707922	32	1615	1647	39
Mon May 07 17:45:01 2018	1525707901	33	1614	1647	40
Mon May 07 17:45:25 2018	1525707925	36	1613	1649	39
Mon May 07 17:45:26 2018	1525707926	35	1620	1655	145
Mon May 07 17:44:45 2018	1525707885	31	1626	1657	40
Mon May 07 17:45:10 2018	1525707910	35	1624	1659	44
Mon May 07 17:45:14 2018	1525707914	1051	608	1659	39
Mon May 07 17:44:46 2018	1525707886	35	1628	1664	39
Mon May 07 17:44:26 2018	1525707866	29	1640	1669	689
Mon May 07 17:44:25 2018	1525707865	1	1683	1685	456
Mon May 07 17:45:37 2018	1525707937	36	1651	1687	42
Mon May 07 17:45:27 2018	1525707927	32	1655	1687	134
Mon May 07 17:45:31 2018	1525707931	27	1667	1694	123
Mon May 07 17:44:50 2018	1525707890	1031	668	1699	38
Mon May 07 17:44:29 2018	1525707869	35	1665	1700	1074
Mon May 07 17:45:06 2018	1525707906	35	1665	1701	40
Mon May 07 17:44:36 2018	1525707876	32	1678	1710	137
Mon May 07 17:44:28 2018	1525707868	27	1683	1710	451
Mon May 07 17:44:39 2018	1525707879	34	1678	1712	38
Mon May 07 17:45:26 2018	1525707926	1034	681	1716	38
Mon May 07 17:44:34 2018	1525707874	32	1687	1719	40
Mon May 07 17:45:24 2018	1525707924	33	1687	1720	38
Mon May 07 17:45:03 2018	1525707903	33	1692	1725	37
Mon May 07 17:44:25 2018	1525707865	2	1728	1730	964
Mon May 07 17:45:11 2018	1525707911	29	1705	1734	368
Mon May 07 17:44:25 2018	1525707865	1	1733	1734	1070
Mon May 07 17:44:32 2018	1525707872	30	1708	1738	34
Mon May 07 17:44:56 2018	1525707896	33	1708	1741	36
Mon May 07 17:44:48 2018	1525707888	33	1712	1745	36
Mon May 07 17:45:28 2018	1525707928	30	1715	1746	36
Mon May 07 17:44:42 2018	1525707882	1034	713	1747	35
Mon May 07 17:44:51 2018	1525707891	33	1722	1756	39
Mon May 07 17:44:40 2018	1525707880	37	1719	1756	40
Mon May 07 17:44:27 2018	1525707867	32	1733	1765	652
Mon May 07 17:45:21 2018	1525707921	32	1739	1770	42
Mon May 07 17:44:32 2018	1525707872	32	1739	1771	38
Mon May 07 17:45:00 2018	1525707900	33	1740	1773	32
Mon May 07 17:44:50 2018	1525707890	32	1743	1775	139
Mon May 07 17:45:07 2018	1525707907	33	1743	1776	146
Mon May 07 17:44:55 2018	1525707895	34	1744	1778	36
Mon May 07 17:44:26 2018	1525707866	32	1746	1778	519
Mon May 07 17:45:05 2018	1525707905	33	1745	1778	40
Mon May 07 17:45:16 2018	1525707916	34	1747	1781	36
Mon May 07 17:45:11 2018	1525707911	31	1756	1787	39
Mon May 07 17:44:39 2018	1525707879	34	1765	1800	39
Mon May 07 17:44:56 2018	1525707896	31	1778	1809	37
Mon May 07 17:45:03 2018	1525707903	29	1780	1810	140
Mon May 07 17:45:22 2018	1525707922	33	1784	1817	36
Mon May 07 17:45:36 2018	1525707936	30	1787	1817	568
Mon May 07 17:44:45 2018	1525707885	31	1787	1817	42
Mon May 07 17:45:38 2018	1525707938	35	1785	1820	38
Mon May 07 17:45:07 2018	1525707907	27	1794	1821	128
Mon May 07 17:44:54 2018	1525707894	29	1793	1822	37
Mon May 07 17:45:13 2018	1525707913	34	1789	1823	109
Mon May 07 17:45:21 2018	1525707921	34	1797	1831	37
Mon May 07 17:45:24 2018	1525707924	34	1799	1833	34
Mon May 07 17:44:41 2018	1525707881	30	1805	1835	35
Mon May 07 17:44:30 2018	1525707870	29	1807	1836	36
Mon May 07 17:44:34 2018	1525707874	35	1803	1838	34
Mon May 07 17:44:32 2018	1525707872	33	1811	1843	34
Mon May 07 17:45:32 2018	1525707932	33	1811	1844	35
Mon May 07 17:45:03 2018	1525707903	32	1815	1847	369
Mon May 07 17:45:00 2018	1525707900	34	1824	1859	38
Mon May 07 17:44:41 2018	1525707881	34	1826	1860	346
Mon May 07 17:44:58 2018	1525707898	34	1834	1868	40
Mon May 07 17:44:31 2018	1525707871	1035	842	1877	55
Mon May 07 17:45:27 2018	1525707927	32	1849	1881	38
Mon May 07 17:45:19 2018	1525707919	31	1853	1883	331
Mon May 07 17:45:29 2018	1525707929	33	1853	1887	35
Mon May 07 17:45:27 2018	1525707927	34	1859	1893	340
Mon May 07 17:45:02 2018	1525707902	28	1866	1894	37
Mon May 07 17:45:37 2018	1525707937	32	1865	1897	36
Mon May 07 17:45:14 2018	1525707914	1050	860	1910	38
Mon May 07 17:45:08 2018	1525707908	1034	877	1911	37
Mon May 07 17:44:32 2018	1525707872	1032	884	1916	37
Mon May 07 17:44:46 2018	1525707886	34	1882	1916	41
Mon May 07 17:44:46 2018	1525707886	37	1879	1916	45
Mon May 07 17:44:54 2018	1525707894	35	1884	1919	142
Mon May 07 17:44:36 2018	1525707876	33	1889	1922	35
Mon May 07 17:45:24 2018	1525707924	33	1895	1928	146
Mon May 07 17:45:27 2018	1525707927	34	1895	1929	36
Mon May 07 17:45:25 2018	1525707925	30	1902	1932	38
Mon May 07 17:45:18 2018	1525707918	29	1907	1936	69
Mon May 07 17:45:10 2018	1525707910	1033	908	1940	42
Mon May 07 17:45:17 2018	1525707917	33	1912	1945	32
Mon May 07 17:44:48 2018	1525707888	34	1917	1952	36
Mon May 07 17:44:31 2018	1525707871	34	1918	1953	48
Mon May 07 17:45:21 2018	1525707921	33	1929	1962	36
Mon May 07 17:45:21 2018	1525707921	35	1927	1962	34
Mon May 07 17:44:59 2018	1525707899	32	1930	1962	142
Mon May 07 17:45:30 2018	1525707930	28	1938	1966	35
Mon May 07 17:44:44 2018	1525707884	31	1940	1971	132
Mon May 07 17:44:56 2018	1525707896	33	1941	1973	38
Mon May 07 17:45:40 2018	1525707940	33	1942	1974	37
Mon May 07 17:44:54 2018	1525707894	28	1948	1976	119
Mon May 07 17:44:45 2018	1525707885	33	1944	1977	342
Mon May 07 17:44:29 2018	1525707869	1063	923	1985	32
Mon May 07 17:44:59 2018	1525707899	33	1959	1992	36
Mon May 07 17:44:34 2018	1525707874	32	1963	1995	37
Mon May 07 17:44:37 2018	1525707877	1036	969	2004	37
Mon May 07 17:45:35 2018	1525707935	1035	995	2030	36
Mon May 07 17:45:14 2018	1525707914	28	2009	2037	34
Mon May 07 17:45:02 2018	1525707902	1034	1005	2039	38
Mon May 07 17:45:08 2018	1525707908	32	2013	2045	38
Mon May 07 17:45:06 2018	1525707906	30	2016	2046	133
Mon May 07 17:45:36 2018	1525707936	1032	1014	2047	38
Mon May 07 17:45:22 2018	1525707922	32	2016	2048	33
Mon May 07 17:44:31 2018	1525707871	32	2020	2052	375
Mon May 07 17:45:00 2018	1525707900	35	2018	2052	36
Mon May 07 17:45:06 2018	1525707906	32	2024	2056	145
Mon May 07 17:44:42 2018	1525707882	1037	1020	2057	33
Mon May 07 17:44:44 2018	1525707884	33	2027	2060	36
Mon May 07 17:45:37 2018	1525707937	35	2033	2068	38
Mon May 07 17:44:30 2018	1525707870	1033	1044	2077	323
Mon May 07 17:44:38 2018	1525707878	34	2044	2078	142
Mon May 07 17:45:41 2018	1525707941	34	2046	2080	39
Mon May 07 17:44:32 2018	1525707872	32	2050	2081	132
Mon May 07 17:44:52 2018	1525707892	33	2054	2087	39
Mon May 07 17:45:15 2018	1525707915	33	2054	2087	38
Mon May 07 17:45:11 2018	1525707911	1044	1045	2089	41
Mon May 07 17:45:24 2018	1525707924	36	2055	2090	36
Mon May 07 17:44:43 2018	1525707883	32	2058	2090	37
Mon May 07 17:45:19 2018	1525707919	1034	1059	2093	39
Mon May 07 17:44:51 2018	1525707891	35	2060	2096	347
Mon May 07 17:44:31 2018	1525707871	1034	1064	2098	42
Mon May 07 17:45:19 2018	1525707919	35	2065	2100	43
Mon May 07 17:44:52 2018	1525707892	34	2081	2115	33
Mon May 07 17:44:28 2018	1525707868	26	2091	2116	577
Mon May 07 17:44:50 2018	1525707890	1062	1058	2121	35
Mon May 07 17:45:08 2018	1525707908	33	2097	2130	37
Mon May 07 17:45:35 2018	1525707935	34	2097	2131	380
Mon May 07 17:45:22 2018	1525707922	33	2098	2131	39
Mon May 07 17:45:30 2018	1525707930	1025	1108	2134	127
Mon May 07 17:45:41 2018	1525707941	37	2100	2137	40
Mon May 07 17:44:51 2018	1525707891	1033	1107	2140	38
Mon May 07 17:45:16 2018	1525707916	33	2124	2157	35
Mon May 07 17:44:28 2018	1525707868	31	2127	2158	547
Mon May 07 17:44:55 2018	1525707895	1030	1142	2171	33
Mon May 07 17:44:38 2018	1525707878	1061	1113	2174	37
Mon May 07 17:44:28 2018	1525707868	33	2146	2179	467
Mon May 07 17:45:21 2018	1525707921	1033	1148	2181	36
Mon May 07 17:45:29 2018	1525707929	33	2150	2183	378
Mon May 07 17:45:17 2018	1525707917	1053	1131	2184	36
Mon May 07 17:45:24 2018	1525707924	1034	1157	2190	37
Mon May 07 17:44:40 2018	1525707880	30	2169	2199	36
Mon May 07 17:45:25 2018	1525707925	33	2177	2210	804
Mon May 07 17:44:48 2018	1525707888	1035	1183	2217	38
Mon May 07 17:44:51 2018	1525707891	30	2188	2218	37
Mon May 07 17:44:51 2018	1525707891	1040	1181	2220	32
Mon May 07 17:45:19 2018	1525707919	34	2198	2232	37
Mon May 07 17:44:36 2018	1525707876	1033	1202	2235	38
Mon May 07 17:44:56 2018	1525707896	1033	1204	2237	40
Mon May 07 17:45:05 2018	1525707905	33	2204	2237	371
Mon May 07 17:44:46 2018	1525707886	1035	1204	2240	32
Mon May 07 17:44:39 2018	1525707879	35	2205	2241	33
Mon May 07 17:44:44 2018	1525707884	36	2214	2250	150
Mon May 07 17:45:03 2018	1525707903	1045	1206	2250	36
Mon May 07 17:45:40 2018	1525707940	32	2224	2256	146
Mon May 07 17:45:09 2018	1525707909	1053	1204	2257	315
Mon May 07 17:44:32 2018	1525707872	1031	1229	2261	501
Mon May 07 17:45:27 2018	1525707927	36	2226	2262	38
Mon May 07 17:44:57 2018	1525707897	35	2227	2262	146
Mon May 07 17:44:49 2018	1525707889	1049	1214	2262	37
Mon May 07 17:45:19 2018	1525707919	34	2233	2267	40
Mon May 07 17:44:48 2018	1525707888	31	2240	2271	35
Mon May 07 17:45:13 2018	1525707913	1032	1243	2275	43
Mon May 07 17:45:08 2018	1525707908	1032	1243	2275	37
Mon May 07 17:45:10 2018	1525707910	33	2243	2276	804
Mon May 07 17:44:49 2018	1525707889	36	2246	2281	39
Mon May 07 17:45:03 2018	1525707903	31	2251	2282	134
Mon May 07 17:45:23 2018	1525707923	1035	1250	2286	36
Mon May 07 17:45:29 2018	1525707929	1045	1244	2289	37
Mon May 07 17:45:31 2018	1525707931	35	2259	2294	35
Mon May 07 17:45:00 2018	1525707900	28	2268	2296	331
Mon May 07 17:45:38 2018	1525707938	33	2262	2296	40
Mon May 07 17:45:04 2018	1525707904	34	2269	2304	378
Mon May 07 17:44:46 2018	1525707886	33	2274	2307	43
Mon May 07 17:45:16 2018	1525707916	35	2279	2314	36
Mon May 07 17:44:49 2018	1525707889	33	2286	2319	38
Mon May 07 17:45:11 2018	1525707911	33	2291	2324	344
Mon May 07 17:45:09 2018	1525707909	35	2290	2326	341
Mon May 07 17:45:00 2018	1525707900	1067	1259	2326	321
Mon May 07 17:45:27 2018	1525707927	34	2295	2329	37
Mon May 07 17:44:57 2018	1525707897	35	2297	2333	37
Mon May 07 17:45:00 2018	1525707900	32	2310	2341	35
Mon May 07 17:44:29 2018	1525707869	36	2306	2342	454
Mon May 07 17:44:48 2018	1525707888	34	2310	2343	137
Mon May 07 17:45:04 2018	1525707904	1032	1312	2344	34
Mon May 07 17:45:29 2018	1525707929	34	2312	2346	335
Mon May 07 17:44:58 2018	1525707898	1031	1317	2348	37
Mon May 07 17:44:29 2018	1525707869	33	2315	2348	790
Mon May 07 17:45:32 2018	1525707932	1035	1318	2353	38
Mon May 07 17:44:32 2018	1525707872	30	2325	2355	359
Mon May 07 17:44:43 2018	1525707883	1035	1321	2356	37
Mon May 07 17:45:40 2018	1525707940	1034	1323	2357	552
Mon May 07 17:45:21 2018	1525707921	1035	1327	2362	37
Mon May 07 17:44:56 2018	1525707896	31	2331	2363	39
Mon May 07 17:45:27 2018	1525707927	29	2337	2366	828
Mon May 07 17:44:40 2018	1525707880	35	2339	2374	142
Mon May 07 17:45:21 2018	1525707921	34	2345	2379	374
Mon May 07 17:44:38 2018	1525707878	1030	1357	2387	306
Mon May 07 17:44:25 2018	1525707865	1048	1340	2388	622
Mon May 07 17:45:29 2018	1525707929	30	2364	2395	365
Mon May 07 17:45:38 2018	1525707938	1034	1368	2402	37
Mon May 07 17:44:46 2018	1525707886	1031	1371	2403	36
Mon May 07 17:44:41 2018	1525707881	28	2375	2404	135
Mon May 07 17:45:22 2018	1525707922	34	2371	2404	34
Mon May 07 17:45:02 2018	1525707902	1032	1373	2404	36
Mon May 07 17:45:21 2018	1525707921	30	2374	2405	39
Mon May 07 17:44:55 2018	1525707895	1045	1364	2408	33
Mon May 07 17:44:35 2018	1525707875	29	2384	2413	363
Mon May 07 17:45:16 2018	1525707916	1030	1388	2418	37
Mon May 07 17:44:34 2018	1525707874	1037	1382	2419	32
Mon May 07 17:45:09 2018	1525707909	33	2401	2434	374
Mon May 07 17:44:28 2018	1525707868	1054	1383	2437	414
Mon May 07 17:44:38 2018	1525707878	1031	1407	2438	36
Mon May 07 17:45:27 2018	1525707927	1032	1408	2441	38
Mon May 07 17:44:25 2018	1525707865	1048	1393	2441	425
Mon May 07 17:45:19 2018	1525707919	1033	1412	2446	40
Mon May 07 17:44:42 2018	1525707882	1029	1420	2449	538
Mon May 07 17:44:30 2018	1525707870	1031	1421	2452	314
Mon May 07 17:44:31 2018	1525707871	32	2427	2458	41
Mon May 07 17:44:33 2018	1525707873	31	2431	2461	134
Mon May 07 17:45:25 2018	1525707925	37	2428	2464	37
Mon May 07 17:45:21 2018	1525707921	34	2436	2469	818
Mon May 07 17:44:49 2018	1525707889	1048	1423	2471	38
Mon May 07 17:44:42 2018	1525707882	32	2440	2472	331
Mon May 07 17:44:27 2018	1525707867	1033	1441	2474	427
Mon May 07 17:44:55 2018	1525707895	1031	1444	2474	33
Mon May 07 17:45:29 2018	1525707929	33	2450	2482	144
Mon May 07 17:45:32 2018	1525707932	30	2453	2483	36
Mon May 07 17:45:25 2018	1525707925	33	2464	2497	377
Mon May 07 17:44:28 2018	1525707868	34	2466	2500	421
Mon May 07 17:44:52 2018	1525707892	31	2470	2501	134
Mon May 07 17:45:31 2018	1525707931	1057	1447	2504	37
Mon May 07 17:45:00 2018	1525707900	1033	1477	2510	38
Mon May 07 17:45:37 2018	1525707937	1033	1481	2514	38
Mon May 07 17:45:36 2018	1525707936	33	2483	2516	38
Mon May 07 17:45:04 2018	1525707904	1052	1467	2519	561
Mon May 07 17:45:00 2018	1525707900	32	2495	2527	33
Mon May 07 17:45:31 2018	1525707931	31	2504	2535	36
Mon May 07 17:45:09 2018	1525707909	32	2509	2541	367
Mon May 07 17:45:28 2018	1525707928	1056	1486	2543	317
Mon May 07 17:45:28 2018	1525707928	36	2513	2548	38
Mon May 07 17:44:49 2018	1525707889	34	2518	2552	35
Mon May 07 17:45:15 2018	1525707915	1032	1520	2552	39
Mon May 07 17:45:29 2018	1525707929	34	2519	2553	340
Mon May 07 17:45:07 2018	1525707907	1033	1529	2561	37
Mon May 07 17:44:57 2018	1525707897	1036	1526	2562	553
Mon May 07 17:44:48 2018	1525707888	1031	1531	2562	38
Mon May 07 17:44:52 2018	1525707892	1030	1532	2562	321
Mon May 07 17:44:46 2018	1525707886	34	2528	2563	140
Mon May 07 17:44:44 2018	1525707884	1035	1538	2572	574
Mon May 07 17:45:11 2018	1525707911	34	2539	2573	37
Mon May 07 17:44:54 2018	1525707894	34	2542	2576	805
Mon May 07 17:44:51 2018	1525707891	1046	1534	2581	36
Mon May 07 17:45:35 2018	1525707935	26	2556	2582	119
Mon May 07 17:45:02 2018	1525707902	28	2563	2591	37
Mon May 07 17:44:58 2018	1525707898	1043	1548	2591	318
Mon May 07 17:44:30 2018	1525707870	1031	1563	2594	46
Mon May 07 17:45:34 2018	1525707934	33	2565	2598	140
Mon May 07 17:45:25 2018	1525707925	35	2576	2611	148
Mon May 07 17:45:12 2018	1525707912	1032	1581	2613	40
Mon May 07 17:44:51 2018	1525707891	1032	1584	2616	500
Mon May 07 17:45:24 2018	1525707924	27	2591	2618	129
Mon May 07 17:44:35 2018	1525707875	33	2588	2621	71
Mon May 07 17:44:51 2018	1525707891	1031	1593	2624	503
Mon May 07 17:45:30 2018	1525707930	1032	1594	2627	38
Mon May 07 17:45:27 2018	1525707927	1038	1591	2629	36
Mon May 07 17:45:12 2018	1525707912	32	2607	2639	1037
Mon May 07 17:44:59 2018	1525707899	1054	1591	2645	38
Mon May 07 17:44:34 2018	1525707874	37	2625	2662	825
Mon May 07 17:45:09 2018	1525707909	1052	1611	2663	311
Mon May 07 17:45:40 2018	1525707940	1033	1645	2679	1021
Mon May 07 17:45:40 2018	1525707940	1067	1626	2693	38
Mon May 07 17:45:28 2018	1525707928	1035	1658	2693	36
Mon May 07 17:44:55 2018	1525707895	1034	1661	2695	314
Mon May 07 17:45:12 2018	1525707912	1033	1675	2708	40
Mon May 07 17:45:08 2018	1525707908	1030	1679	2709	36
Mon May 07 17:44:37 2018	1525707877	1037	1675	2712	37
Mon May 07 17:45:32 2018	1525707932	1034	1694	2728	36
Mon May 07 17:44:51 2018	1525707891	32	2696	2729	340
Mon May 07 17:44:44 2018	1525707884	1036	1695	2730	36
Mon May 07 17:45:11 2018	1525707911	1044	1698	2742	35
Mon May 07 17:45:37 2018	1525707937	1063	1685	2749	38
Mon May 07 17:44:34 2018	1525707874	1038	1714	2752	36
Mon May 07 17:44:28 2018	1525707868	30	2728	2758	460
Mon May 07 17:45:28 2018	1525707928	1055	1718	2774	505
Mon May 07 17:45:20 2018	1525707920	1052	1725	2777	322
Mon May 07 17:44:31 2018	1525707871	1034	1743	2777	317
Mon May 07 17:45:11 2018	1525707911	1031	1748	2779	36
Mon May 07 17:44:58 2018	1525707898	34	2746	2780	145
Mon May 07 17:45:26 2018	1525707926	1035	1748	2783	38
Mon May 07 17:45:39 2018	1525707939	1031	1757	2788	33
Mon May 07 17:45:24 2018	1525707924	32	2758	2790	143
Mon May 07 17:44:38 2018	1525707878	32	2761	2793	37
Mon May 07 17:45:08 2018	1525707908	32	2771	2803	37
Mon May 07 17:44:40 2018	1525707880	1030	1774	2805	38
Mon May 07 17:45:31 2018	1525707931	1057	1756	2813	37
Mon May 07 17:45:03 2018	1525707903	1031	1786	2818	35
Mon May 07 17:44:39 2018	1525707879	34	2785	2819	38
Mon May 07 17:44:35 2018	1525707875	1033	1787	2819	39
Mon May 07 17:45:05 2018	1525707905	35	2786	2821	378
Mon May 07 17:45:02 2018	1525707902	30	2799	2829	134
Mon May 07 17:45:16 2018	1525707916	31	2803	2834	36
Mon May 07 17:44:33 2018	1525707873	1033	1806	2839	38
Mon May 07 17:45:25 2018	1525707925	1036	1805	2841	36
Mon May 07 17:44:38 2018	1525707878	1033	1820	2853	36
Mon May 07 17:45:08 2018	1525707908	33	2821	2854	572
Mon May 07 17:44:53 2018	1525707893	1036	1819	2854	38
Mon May 07 17:45:18 2018	1525707918	33	2821	2854	38
Mon May 07 17:45:02 2018	1525707902	1042	1815	2857	37
Mon May 07 17:44:28 2018	1525707868	1035	1824	2859	531
Mon May 07 17:45:31 2018	1525707931	1031	1831	2862	317
Mon May 07 17:44:42 2018	1525707882	1032	1831	2862	35
Mon May 07 17:45:11 2018	1525707911	1033	1833	2866	36
Mon May 07 17:45:07 2018	1525707907	1036	1835	2870	36
Mon May 07 17:44:40 2018	1525707880	35	2835	2871	37
Mon May 07 17:45:35 2018	1525707935	1048	1828	2876	34
Mon May 07 17:44:52 2018	1525707892	1034	1850	2884	508
Mon May 07 17:45:13 2018	1525707913	1032	1854	2885	37
Mon May 07 17:45:22 2018	1525707922	1035	1866	2900	36
Mon May 07 17:45:00 2018	1525707900	1034	1870	2904	316
Mon May 07 17:45:03 2018	1525707903	1034	1872	2905	33
Mon May 07 17:44:35 2018	1525707875	36	2870	2906	38
Mon May 07 17:45:15 2018	1525707915	33	2876	2909	148
Mon May 07 17:45:27 2018	1525707927	35	2875	2911	345
Mon May 07 17:44:55 2018	1525707895	36	2875	2911	40
Mon May 07 17:45:14 2018	1525707914	1068	1850	2917	316
Mon May 07 17:45:10 2018	1525707910	1034	1883	2917	37
Mon May 07 17:45:34 2018	1525707934	33	2888	2921	37
Mon May 07 17:44:47 2018	1525707887	32	2891	2923	37
Mon May 07 17:45:26 2018	1525707926	1028	1895	2924	309
Mon May 07 17:45:12 2018	1525707912	34	2890	2924	140
Mon May 07 17:45:00 2018	1525707900	30	2897	2928	40
Mon May 07 17:45:02 2018	1525707902	1032	1904	2936	38
Mon May 07 17:44:32 2018	1525707872	34	2922	2956	32
Mon May 07 17:44:25 2018	1525707865	1048	1909	2957	628
Mon May 07 17:45:32 2018	1525707932	36	2929	2966	2032
Mon May 07 17:45:37 2018	1525707937	1043	1924	2967	38
Mon May 07 17:45:14 2018	1525707914	29	2939	2969	38
Mon May 07 17:45:39 2018	1525707939	1030	1942	2972	35
Mon May 07 17:45:39 2018	1525707939	1034	1946	2981	311
Mon May 07 17:44:47 2018	1525707887	1030	1955	2985	37
Mon May 07 17:44:25 2018	1525707865	2048	938	2986	429
Mon May 07 17:44:56 2018	1525707896	32	2959	2990	137
Mon May 07 17:44:59 2018	1525707899	1035	1957	2992	546
Mon May 07 17:44:39 2018	1525707879	1036	1958	2994	34
Mon May 07 17:44:29 2018	1525707869	1034	1962	2996	976
Mon May 07 17:44:34 2018	1525707874	32	2970	3002	37
Mon May 07 17:45:22 2018	1525707922	1033	1973	3007	40
Mon May 07 17:45:22 2018	1525707922	35	2988	3024	37
Mon May 07 17:45:37 2018	1525707937	1031	1993	3024	316
Mon May 07 17:45:19 2018	1525707919	35	2993	3028	47
Mon May 07 17:45:03 2018	1525707903	1026	2006	3033	312
Mon May 07 17:44:52 2018	1525707892	1033	2006	3039	37
Mon May 07 17:45:19 2018	1525707919	34	3006	3039	36
Mon May 07 17:45:13 2018	1525707913	1031	2018	3050	38
Mon May 07 17:44:25 2018	1525707865	1048	2007	3056	671
Mon May 07 17:45:18 2018	1525707918	28	3029	3057	33
Mon May 07 17:45:02 2018	1525707902	39	3024	3062	36
Mon May 07 17:45:24 2018	1525707924	1035	2034	3069	38
Mon May 07 17:44:43 2018	1525707883	1030	2048	3077	311
Mon May 07 17:45:11 2018	1525707911	32	3064	3097	36
Mon May 07 17:45:01 2018	1525707901	1059	2047	3105	510
Mon May 07 17:45:10 2018	1525707910	36	3070	3107	36
Mon May 07 17:45:14 2018	1525707914	35	3077	3112	42
Mon May 07 17:45:25 2018	1525707925	1049	2074	3124	499
Mon May 07 17:45:17 2018	1525707917	1036	2097	3133	503
Mon May 07 17:45:30 2018	1525707930	33	3105	3138	36
Mon May 07 17:45:16 2018	1525707916	36	3113	3148	40
Mon May 07 17:44:47 2018	1525707887	1031	2126	3157	968
Mon May 07 17:45:21 2018	1525707921	1033	2132	3165	500
Mon May 07 17:45:17 2018	1525707917	1049	2121	3170	35
Mon May 07 17:44:38 2018	1525707878	32	3146	3178	38
Mon May 07 17:45:00 2018	1525707900	1038	2140	3179	37
Mon May 07 17:44:52 2018	1525707892	1031	2155	3186	37
Mon May 07 17:45:18 2018	1525707918	34	3153	3187	34
Mon May 07 17:44:51 2018	1525707891	1034	2169	3203	38
Mon May 07 17:45:00 2018	1525707900	1034	2169	3204	35
Mon May 07 17:45:19 2018	1525707919	1035	2168	3204	311
Mon May 07 17:45:37 2018	1525707937	1032	2172	3204	33
Mon May 07 17:44:46 2018	1525707886	29	3175	3205	371
Mon May 07 17:44:34 2018	1525707874	34	3172	3206	36
Mon May 07 17:44:33 2018	1525707873	33	3187	3220	39
Mon May 07 17:45:38 2018	1525707938	1044	2177	3221	508
Mon May 07 17:45:02 2018	1525707902	1032	2191	3223	317
Mon May 07 17:44:35 2018	1525707875	1059	2172	3232	318
Mon May 07 17:44:27 2018	1525707867	1029	2205	3234	823
Mon May 07 17:45:18 2018	1525707918	29	3210	3239	37
Mon May 07 17:44:25 2018	1525707865	2048	1200	3248	570
Mon May 07 17:44:28 2018	1525707868	1033	2215	3248	678
Mon May 07 17:45:38 2018	1525707938	1043	2214	3256	37
Mon May 07 17:45:32 2018	1525707932	1057	2214	3271	37
Mon May 07 17:45:34 2018	1525707934	1036	2237	3273	39
Mon May 07 17:45:16 2018	1525707916	1047	2227	3274	38
Mon May 07 17:45:34 2018	1525707934	1033	2247	3280	35
Mon May 07 17:44:57 2018	1525707897	1034	2262	3296	36
Mon May 07 17:44:25 2018	1525707865	2	3297	3299	1330
Mon May 07 17:44:36 2018	1525707876	36	3265	3301	343
Mon May 07 17:45:20 2018	1525707920	35	3267	3303	145
Mon May 07 17:45:25 2018	1525707925	35	3271	3306	148
Mon May 07 17:44:43 2018	1525707883	1033	2284	3317	36
Mon May 07 17:45:31 2018	1525707931	1048	2274	3321	38
Mon May 07 17:44:43 2018	1525707883	1031	2302	3332	312
Mon May 07 17:44:36 2018	1525707876	1060	2279	3339	554
Mon May 07 17:44:32 2018	1525707872	1046	2297	3344	508
Mon May 07 17:44:59 2018	1525707899	33	3315	3349	37
Mon May 07 17:45:38 2018	1525707938	35	3314	3350	37
Mon May 07 17:45:31 2018	1525707931	1032	2319	3351	35
Mon May 07 17:45:28 2018	1525707928	35	3317	3351	39
Mon May 07 17:45:05 2018	1525707905	1058	2294	3352	36
Mon May 07 17:44:54 2018	1525707894	1028	2327	3354	33
Mon May 07 17:44:56 2018	1525707896	1034	2328	3362	314
Mon May 07 17:44:41 2018	1525707881	1032	2331	3363	37
Mon May 07 17:45:32 2018	1525707932	1034	2335	3369	501
Mon May 07 17:45:28 2018	1525707928	33	3339	3372	39
Mon May 07 17:45:20 2018	1525707920	32	3342	3374	42
Mon May 07 17:44:35 2018	1525707875	1063	2313	3376	27
Mon May 07 17:45:08 2018	1525707908	1034	2352	3386	311
Mon May 07 17:45:14 2018	1525707914	33	3361	3394	145
Mon May 07 17:45:13 2018	1525707913	1034	2363	3397	551
Mon May 07 17:45:20 2018	1525707920	35	3363	3398	341
Mon May 07 17:45:16 2018	1525707916	33	3368	3401	39
Mon May 07 17:44:50 2018	1525707890	1030	2384	3414	308
Mon May 07 17:44:47 2018	1525707887	1067	2352	3418	509
Mon May 07 17:44:46 2018	1525707886	34	3389	3423	38
Mon May 07 17:44:59 2018	1525707899	1035	2400	3435	37
Mon May 07 17:44:51 2018	1525707891	1029	2407	3436	36
Mon May 07 17:45:23 2018	1525707923	37	3408	3444	37
Mon May 07 17:45:27 2018	1525707927	30	3450	3480	38
Mon May 07 17:45:27 2018	1525707927	1045	2470	3515	507
Mon May 07 17:45:29 2018	1525707929	36	3488	3524	1799
Mon May 07 17:44:35 2018	1525707875	1033	2501	3534	319
Mon May 07 17:45:20 2018	1525707920	1059	2483	3542	37
Mon May 07 17:44:42 2018	1525707882	34	3511	3545	141
Mon May 07 17:45:16 2018	1525707916	1028	2523	3551	501
Mon May 07 17:45:35 2018	1525707935	37	3515	3553	150
Mon May 07 17:45:12 2018	1525707912	1033	2521	3554	40
Mon May 07 17:45:13 2018	1525707913	1031	2526	3557	313
Mon May 07 17:45:38 2018	1525707938	1043	2514	3557	36
Mon May 07 17:45:16 2018	1525707916	30	3535	3564	133
Mon May 07 17:44:42 2018	1525707882	1030	2544	3574	34
Mon May 07 17:45:36 2018	1525707936	31	3549	3581	35
Mon May 07 17:44:48 2018	1525707888	37	3559	3596	38
Mon May 07 17:45:07 2018	1525707907	1029	2581	3610	38
Mon May 07 17:44:26 2018	1525707866	1033	2579	3611	519
Mon May 07 17:44:38 2018	1525707878	33	3609	3642	37
Mon May 07 17:45:25 2018	1525707925	1033	2621	3654	35
Mon May 07 17:45:12 2018	1525707912	1034	2622	3657	38
Mon May 07 17:45:24 2018	1525707924	26	3633	3659	127
Mon May 07 17:45:39 2018	1525707939	33	3626	3659	33
Mon May 07 17:44:56 2018	1525707896	28	3633	3661	38
Mon May 07 17:45:05 2018	1525707905	32	3630	3662	41
Mon May 07 17:45:38 2018	1525707938	32	3638	3670	37
Mon May 07 17:45:33 2018	1525707933	1032	2651	3683	533
Mon May 07 17:45:38 2018	1525707938	1037	2653	3691	39
Mon May 07 17:45:04 2018	1525707904	1048	2644	3692	312
Mon May 07 17:45:03 2018	1525707903	32	3667	3698	798
Mon May 07 17:44:52 2018	1525707892	1035	2696	3731	33
Mon May 07 17:44:51 2018	1525707891	1030	2709	3739	34
Mon May 07 17:45:06 2018	1525707906	32	3715	3746	37
Mon May 07 17:45:31 2018	1525707931	32	3729	3761	1755
Mon May 07 17:45:30 2018	1525707930	1050	2711	3761	37
Mon May 07 17:45:15 2018	1525707915	1030	2731	3761	36
Mon May 07 17:45:08 2018	1525707908	34	3743	3777	145
Mon May 07 17:44:37 2018	1525707877	32	3748	3780	40
Mon May 07 17:45:39 2018	1525707939	33	3749	3782	37
Mon May 07 17:44:47 2018	1525707887	1035	2749	3784	984
Mon May 07 17:44:25 2018	1525707865	3063	726	3788	217
Mon May 07 17:44:36 2018	1525707876	1033	2764	3798	36
Mon May 07 17:45:23 2018	1525707923	1033	2765	3798	41
Mon May 07 17:44:25 2018	1525707865	3063	740	3803	324
Mon May 07 17:44:50 2018	1525707890	31	3773	3804	137
Mon May 07 17:45:23 2018	1525707923	1046	2774	3819	562
Mon May 07 17:45:34 2018	1525707934	1033	2802	3835	545
Mon May 07 17:45:39 2018	1525707939	31	3811	3842	36
Mon May 07 17:44:28 2018	1525707868	31	3822	3854	225
Mon May 07 17:45:25 2018	1525707925	36	3840	3875	146
Mon May 07 17:44:48 2018	1525707888	1047	2830	3877	33
Mon May 07 17:45:06 2018	1525707906	1028	2851	3879	961
Mon May 07 17:44:52 2018	1525707892	1033	2848	3882	38
Mon May 07 17:44:38 2018	1525707878	30	3851	3882	38
Mon May 07 17:44:57 2018	1525707897	1033	2858	3891	316
Mon May 07 17:44:47 2018	1525707887	37	3874	3911	40
Mon May 07 17:45:09 2018	1525707909	1035	2881	3916	308
Mon May 07 17:44:36 2018	1525707876	3040	879	3920	35
Mon May 07 17:44:56 2018	1525707896	34	3889	3923	1035
Mon May 07 17:45:23 2018	1525707923	37	3903	3940	36
Mon May 07 17:44:54 2018	1525707894	34	3923	3957	570
Mon May 07 17:45:35 2018	1525707935	34	3923	3957	376
Mon May 07 17:45:28 2018	1525707928	1036	2935	3971	37
Mon May 07 17:45:17 2018	1525707917	28	3951	3979	1724
Mon May 07 17:45:26 2018	1525707926	1070	2927	3997	316
Mon May 07 17:44:34 2018	1525707874	3042	958	4000	37
Mon May 07 17:45:32 2018	1525707932	32	3969	4001	144
Mon May 07 17:44:52 2018	1525707892	1047	2960	4007	37
Mon May 07 17:45:33 2018	1525707933	1068	2943	4011	511
Mon May 07 17:45:23 2018	1525707923	1054	2965	4019	37
Mon May 07 17:44:42 2018	1525707882	1036	2986	4022	31
Mon May 07 17:44:29 2018	1525707869	1033	3007	4040	38
Mon May 07 17:45:24 2018	1525707924	1034	3008	4042	549
Mon May 07 17:44:44 2018	1525707884	32	4012	4044	36
Mon May 07 17:45:18 2018	1525707918	31	4013	4044	334
Mon May 07 17:45:27 2018	1525707927	1033	3016	4050	38
Mon May 07 17:45:05 2018	1525707905	1065	2986	4050	35
Mon May 07 17:44:58 2018	1525707898	1036	3026	4062	36
Mon May 07 17:45:04 2018	1525707904	1033	3035	4068	40
Mon May 07 17:44:39 2018	1525707879	31	4055	4086	1063
Mon May 07 17:44:42 2018	1525707882	33	4070	4103	804
Mon May 07 17:45:36 2018	1525707936	1067	3054	4121	510
Mon May 07 17:45:33 2018	1525707933	1060	3075	4135	41
Mon May 07 17:44:49 2018	1525707889	39	4099	4138	68
Mon May 07 17:45:34 2018	1525707934	29	4112	4141	41
Mon May 07 17:45:28 2018	1525707928	1032	3112	4144	34
Mon May 07 17:44:42 2018	1525707882	1034	3116	4150	35
Mon May 07 17:45:02 2018	1525707902	32	4143	4174	35
Mon May 07 17:44:30 2018	1525707870	28	4155	4184	38
Mon May 07 17:45:09 2018	1525707909	1030	3155	4184	314
Mon May 07 17:44:54 2018	1525707894	1033	3157	4190	509
Mon May 07 17:44:39 2018	1525707879	36	4159	4195	146
Mon May 07 17:44:28 2018	1525707868	3035	1160	4196	38
Mon May 07 17:44:53 2018	1525707893	1027	3179	4206	304
Mon May 07 17:44:40 2018	1525707880	1036	3170	4206	35
Mon May 07 17:44:57 2018	1525707897	1032	3216	4248	36
Mon May 07 17:45:05 2018	1525707905	3043	1215	4258	37
Mon May 07 17:44:50 2018	1525707890	1044	3220	4264	37
Mon May 07 17:44:45 2018	1525707885	33	4232	4265	35
Mon May 07 17:45:05 2018	1525707905	1055	3263	4318	39
Mon May 07 17:44:51 2018	1525707891	1040	3290	4330	37
Mon May 07 17:45:11 2018	1525707911	1036	3296	4332	34
Mon May 07 17:45:37 2018	1525707937	1032	3301	4332	37
Mon May 07 17:44:39 2018	1525707879	30	4310	4340	1029
Mon May 07 17:45:18 2018	1525707918	1061	3281	4342	37
Mon May 07 17:44:43 2018	1525707883	1065	3286	4351	1924
Mon May 07 17:44:59 2018	1525707899	1028	3336	4364	37
Mon May 07 17:45:08 2018	1525707908	1035	3338	4373	38
Mon May 07 17:44:32 2018	1525707872	1036	3349	4385	39
Mon May 07 17:45:38 2018	1525707938	32	4357	4389	141
Mon May 07 17:44:27 2018	1525707867	33	4356	4390	1318
Mon May 07 17:44:51 2018	1525707891	1066	3325	4392	38
Mon May 07 17:45:34 2018	1525707934	1036	3363	4398	36
Mon May 07 17:44:25 2018	1525707865	3063	1341	4404	269
Mon May 07 17:44:38 2018	1525707878	32	4378	4410	37
Mon May 07 17:44:31 2018	1525707871	1032	3391	4423	31
Mon May 07 17:44:45 2018	1525707885	36	4436	4472	381
Mon May 07 17:44:31 2018	1525707871	1028	3473	4501	1893
Mon May 07 17:45:09 2018	1525707909	3063	1454	4517	40
Mon May 07 17:44:25 2018	1525707865	3063	1458	4521	379
Mon May 07 17:44:47 2018	1525707887	1034	3546	4580	37
Mon May 07 17:45:20 2018	1525707920	32	4563	4595	40
Mon May 07 17:44:50 2018	1525707890	1035	3608	4643	41
Mon May 07 17:45:05 2018	1525707905	1033	3625	4658	967
Mon May 07 17:44:33 2018	1525707873	1056	3602	4658	39
Mon May 07 17:44:42 2018	1525707882	1034	3629	4663	37
Mon May 07 17:45:31 2018	1525707931	1055	3611	4665	1924
Mon May 07 17:44:48 2018	1525707888	1036	3639	4676	38
Mon May 07 17:45:02 2018	1525707902	1032	3653	4685	1888
Mon May 07 17:44:35 2018	1525707875	3074	1633	4707	37
Mon May 07 17:45:15 2018	1525707915	1046	3662	4709	316
Mon May 07 17:45:06 2018	1525707906	33	4692	4725	338
Mon May 07 17:45:11 2018	1525707911	1064	3670	4734	32
Mon May 07 17:45:22 2018	1525707922	1067	3672	4739	38
Mon May 07 17:45:10 2018	1525707910	1033	3714	4747	39
Mon May 07 17:45:32 2018	1525707932	33	4719	4753	141
Mon May 07 17:45:11 2018	1525707911	1030	3726	4756	36
Mon May 07 17:45:26 2018	1525707926	1037	3721	4757	1966
Mon May 07 17:44:34 2018	1525707874	3036	1728	4764	34
Mon May 07 17:45:29 2018	1525707929	35	4730	4765	39
Mon May 07 17:44:58 2018	1525707898	33	4734	4767	147
Mon May 07 17:44:43 2018	1525707883	3083	1689	4773	84
Mon May 07 17:45:05 2018	1525707905	1032	3743	4775	498
Mon May 07 17:45:17 2018	1525707917	3063	1719	4782	314
Mon May 07 17:45:13 2018	1525707913	3035	1753	4788	36
Mon May 07 17:44:58 2018	1525707898	1045	3758	4803	38
Mon May 07 17:45:32 2018	1525707932	1044	3762	4805	508
Mon May 07 17:45:04 2018	1525707904	32	4789	4821	37
Mon May 07 17:45:38 2018	1525707938	33	4790	4824	149
Mon May 07 17:45:17 2018	1525707917	36	4824	4860	135
Mon May 07 17:44:58 2018	1525707898	34	4841	4875	39
Mon May 07 17:45:01 2018	1525707901	1054	3828	4883	1959
Mon May 07 17:45:14 2018	1525707914	35	4848	4883	1794
Mon May 07 17:45:30 2018	1525707930	1069	3821	4890	509
Mon May 07 17:45:01 2018	1525707901	3075	1863	4937	36
Mon May 07 17:45:05 2018	1525707905	34	4909	4943	40
Mon May 07 17:45:38 2018	1525707938	1051	3899	4950	34
Mon May 07 17:45:14 2018	1525707914	3033	1942	4975	997
Mon May 07 17:45:39 2018	1525707939	34	4955	4989	36
Mon May 07 17:45:34 2018	1525707934	33	4968	5001	145
Mon May 07 17:44:55 2018	1525707895	1043	3995	5038	37
Mon May 07 17:45:34 2018	1525707934	36	5047	5082	139
Mon May 07 17:45:04 2018	1525707904	3057	2055	5112	34
Mon May 07 17:44:56 2018	1525707896	3062	2057	5118	37
Mon May 07 17:45:02 2018	1525707902	1034	4087	5121	1021
Mon May 07 17:45:12 2018	1525707912	1034	4120	5155	38
Mon May 07 17:45:26 2018	1525707926	1051	4117	5168	312
Mon May 07 17:44:40 2018	1525707880	34	5134	5168	346
Mon May 07 17:45:13 2018	1525707913	35	5195	5229	37
Mon May 07 17:44:57 2018	1525707897	3056	2180	5236	34
Mon May 07 17:44:33 2018	1525707873	34	5257	5291	38
Mon May 07 17:45:12 2018	1525707912	1032	4279	5311	321
Mon May 07 17:45:34 2018	1525707934	31	5311	5342	69
Mon May 07 17:44:56 2018	1525707896	1056	4290	5346	504
Mon May 07 17:45:21 2018	1525707921	1032	4324	5356	37
Mon May 07 17:45:39 2018	1525707939	34	5335	5370	35
Mon May 07 17:45:07 2018	1525707907	1045	4326	5371	500
Mon May 07 17:44:25 2018	1525707865	4064	1313	5377	232
Mon May 07 17:45:00 2018	1525707900	1035	4348	5383	1888
Mon May 07 17:44:44 2018	1525707884	3048	2363	5412	36
Mon May 07 17:45:16 2018	1525707916	1039	4384	5422	33
Mon May 07 17:45:33 2018	1525707933	1028	4396	5425	501
Mon May 07 17:44:50 2018	1525707890	1031	4424	5455	35
Mon May 07 17:45:30 2018	1525707930	3055	2431	5486	37
Mon May 07 17:45:21 2018	1525707921	1034	4473	5508	37
Mon May 07 17:45:19 2018	1525707919	1035	4480	5516	39
Mon May 07 17:44:46 2018	1525707886	35	5497	5532	38
Mon May 07 17:45:29 2018	1525707929	3038	2529	5568	33
Mon May 07 17:44:42 2018	1525707882	1031	4539	5570	37
Mon May 07 17:44:55 2018	1525707895	3037	2579	5616	37
Mon May 07 17:45:21 2018	1525707921	3059	2560	5619	40
Mon May 07 17:45:04 2018	1525707904	1046	4573	5619	982
Mon May 07 17:44:30 2018	1525707870	1055	4576	5632	46
Mon May 07 17:45:16 2018	1525707916	1052	4609	5661	36
Mon May 07 17:45:23 2018	1525707923	34	5709	5743	34
Mon May 07 17:44:38 2018	1525707878	3049	2705	5754	41
Mon May 07 17:45:19 2018	1525707919	3052	2738	5790	506
Mon May 07 17:44:44 2018	1525707884	35	5801	5837	141
Mon May 07 17:45:27 2018	1525707927	3063	2854	5917	39
Mon May 07 17:45:10 2018	1525707910	3038	2880	5918	500
Mon May 07 17:45:35 2018	1525707935	34	5905	5939	347
Mon May 07 17:45:02 2018	1525707902	3038	2902	5940	308
Mon May 07 17:45:28 2018	1525707928	1032	4917	5949	38
Mon May 07 17:45:31 2018	1525707931	36	5926	5962	354
Mon May 07 17:44:36 2018	1525707876	3072	2906	5978	37
Mon May 07 17:44:34 2018	1525707874	30	5972	6003	35
Mon May 07 17:44:47 2018	1525707887	3032	2996	6027	41
Mon May 07 17:44:44 2018	1525707884	1036	5014	6049	38
Mon May 07 17:45:26 2018	1525707926	3036	3033	6068	34
Mon May 07 17:45:19 2018	1525707919	1034	5072	6106	37
Mon May 07 17:44:54 2018	1525707894	1034	5107	6141	41
Mon May 07 17:45:16 2018	1525707916	1043	5131	6174	38
Mon May 07 17:45:11 2018	1525707911	3038	3165	6203	555
Mon May 07 17:45:23 2018	1525707923	30	6213	6243	129
Mon May 07 17:44:53 2018	1525707893	1059	5219	6277	37
Mon May 07 17:44:53 2018	1525707893	1033	5250	6283	41
Mon May 07 17:45:35 2018	1525707935	34	6252	6287	340
Mon May 07 17:45:36 2018	1525707936	1032	5363	6395	36
Mon May 07 17:45:13 2018	1525707913	34	6365	6400	140
Mon May 07 17:45:06 2018	1525707906	1031	5396	6427	42
Mon May 07 17:44:25 2018	1525707865	4064	2383	6448	536
Mon May 07 17:45:12 2018	1525707912	1053	5422	6475	982
Mon May 07 17:44:32 2018	1525707872	3083	3425	6508	38
Mon May 07 17:45:18 2018	1525707918	3055	3472	6527	507
Mon May 07 17:44:29 2018	1525707869	1033	5517	6551	40
Mon May 07 17:45:20 2018	1525707920	3048	3505	6553	36
Mon May 07 17:45:01 2018	1525707901	1034	5531	6565	37
Mon May 07 17:45:34 2018	1525707934	1031	5618	6650	1923
Mon May 07 17:45:29 2018	1525707929	34	6625	6659	143
Mon May 07 17:45:34 2018	1525707934	1067	5631	6698	39
Mon May 07 17:44:37 2018	1525707877	1032	5669	6701	38
Mon May 07 17:45:31 2018	1525707931	1035	5674	6709	34
Mon May 07 17:45:09 2018	1525707909	3072	3669	6740	36
Mon May 07 17:45:06 2018	1525707906	1029	5730	6759	965
Mon May 07 17:45:11 2018	1525707911	1065	5710	6775	562
Mon May 07 17:45:03 2018	1525707903	3062	3746	6808	34
Mon May 07 17:44:58 2018	1525707898	1033	5815	6848	555
Mon May 07 17:45:36 2018	1525707936	1035	5847	6881	979
Mon May 07 17:45:33 2018	1525707933	1034	5855	6889	37
Mon May 07 17:44:58 2018	1525707898	1034	5863	6897	36
Mon May 07 17:45:05 2018	1525707905	3053	3894	6947	1887
Mon May 07 17:44:38 2018	1525707878	1031	5971	7002	33
Mon May 07 17:44:44 2018	1525707884	27	6980	7008	363
Mon May 07 17:45:00 2018	1525707900	1031	6034	7065	3754
Mon May 07 17:45:21 2018	1525707921	1033	6037	7071	309
Mon May 07 17:44:53 2018	1525707893	1033	6074	7108	500
Mon May 07 17:45:33 2018	1525707933	1034	6079	7113	502
Mon May 07 17:45:29 2018	1525707929	1033	6089	7122	34
Mon May 07 17:45:10 2018	1525707910	1034	6138	7172	37
Mon May 07 17:45:31 2018	1525707931	1033	6211	7245	38
Mon May 07 17:44:50 2018	1525707890	1033	6450	7483	501
Mon May 07 17:45:03 2018	1525707903	34	7611	7645	575
Mon May 07 17:45:12 2018	1525707912	36	7644	7680	375
Mon May 07 17:44:48 2018	1525707888	31	7668	7699	132
Mon May 07 17:44:44 2018	1525707884	1032	6701	7734	318
Mon May 07 17:45:23 2018	1525707923	1045	6746	7791	1925
Mon May 07 17:44:25 2018	1525707865	7225	580	7806	39
Mon May 07 17:44:25 2018	1525707865	7225	590	7815	25
Mon May 07 17:45:06 2018	1525707906	1034	6814	7848	33
Mon May 07 17:44:47 2018	1525707887	32	7916	7948	35
Mon May 07 17:44:30 2018	1525707870	7065	949	8014	36
Mon May 07 17:44:47 2018	1525707887	1056	7064	8120	316
Mon May 07 17:44:36 2018	1525707876	3046	5132	8178	37
Mon May 07 17:45:17 2018	1525707917	35	8391	8426	850
Mon May 07 17:44:48 2018	1525707888	28	8511	8539	32
Mon May 07 17:45:05 2018	1525707905	1035	7571	8606	36
Mon May 07 17:45:17 2018	1525707917	1031	7775	8806	35
Mon May 07 17:44:25 2018	1525707865	5063	3936	8999	550
Mon May 07 17:45:02 2018	1525707902	3050	5997	9047	37
Mon May 07 17:44:25 2018	1525707865	5063	4042	9105	549
Mon May 07 17:44:58 2018	1525707898	31	9095	9127	36
Mon May 07 17:45:35 2018	1525707935	35	9192	9227	37
Mon May 07 17:44:25 2018	1525707865	7225	2112	9337	37
Mon May 07 17:45:20 2018	1525707920	3039	6317	9356	35
Mon May 07 17:45:26 2018	1525707926	1039	8357	9396	36
Mon May 07 17:44:54 2018	1525707894	1033	8530	9563	39
Mon May 07 17:44:53 2018	1525707893	34	9621	9655	142
Mon May 07 17:44:39 2018	1525707879	1035	8621	9655	37
Mon May 07 17:45:31 2018	1525707931	1055	8935	9990	7605
Mon May 07 17:45:26 2018	1525707926	1057	9050	10107	37
Mon May 07 17:45:17 2018	1525707917	7069	3335	10404	502
Mon May 07 17:45:13 2018	1525707913	35	10490	10526	145
Mon May 07 17:44:38 2018	1525707878	3049	7531	10580	3788
Mon May 07 17:44:39 2018	1525707879	1058	9958	11016	38
Mon May 07 17:44:25 2018	1525707865	8049	3182	11231	37
Mon May 07 17:45:31 2018	1525707931	7055	4709	11764	38
Mon May 07 17:45:15 2018	1525707915	1029	11941	12969	39
Mon May 07 17:44:46 2018	1525707886	1034	12181	13215	974
Mon May 07 17:44:25 2018	1525707865	10224	3215	13438	37
Mon May 07 17:45:07 2018	1525707907	15309	1352	16661	37
Mon May 07 17:44:25 2018	1525707865	1	16777	16778	11799
Mon May 07 17:44:25 2018	1525707865	16416	802	17219	135
Mon May 07 17:45:24 2018	1525707924	15333	2004	17337	34
Mon May 07 17:44:25 2018	1525707865	15418	2003	17421	36
Mon May 07 17:45:28 2018	1525707928	1033	17474	18507	979
Mon May 07 17:45:27 2018	1525707927	35	20250	20285	813
Mon May 07 17:44:25 2018	1525707865	18418	2456	20874	318
Mon May 07 17:44:39 2018	1525707879	33	20972	21006	851
Mon May 07 17:44:54 2018	1525707894	1039	20371	21409	40
Mon May 07 17:44:25 2018	1525707865	19226	2548	21774	983
Mon May 07 17:44:25 2018	1525707865	19226	2659	21885	31
Mon May 07 17:44:25 2018	1525707865	19226	2689	21915	27
Mon May 07 17:44:43 2018	1525707883	37	21901	21938	34
Mon May 07 17:44:25 2018	1525707865	32546	937	33482	39
Mon May 07 17:44:44 2018	1525707884	3034	32551	35585	308
Mon May 07 17:45:05 2018	1525707905	1064	34786	35850	548
Mon May 07 17:44:25 2018	1525707865	34543	2904	37448	548
Mon May 07 17:44:25 2018	1525707865	64828	1745	66573	37
Mon May 07 17:44:25 2018	1525707865	64828	3732	68560	152
Mon May 07 17:44:25 2018	1525707865	64828	3887	68716	41
Mon May 07 17:44:25 2018	1525707865	67825	895	68720	37
